Datetime,Open,High,Low,Close,Adj Close,Volume
2023-01-24 09:30:00,603.2000122070312,604.2000122070312,601.7000122070312,602.2000122070312,602.2000122070312,674936
2023-01-24 10:00:00,602.0999755859375,602.4500122070312,600.6500244140625,602.0,602.0,406871
2023-01-24 10:30:00,602.0,602.6500244140625,601.4500122070312,601.7999877929688,601.7999877929688,287140
2023-01-24 11:00:00,601.75,601.7999877929688,599.0,599.0999755859375,599.0999755859375,734167
2023-01-24 11:30:00,599.1500244140625,599.6500244140625,597.2000122070312,597.9500122070312,597.9500122070312,555627
2023-01-24 12:00:00,598.0,598.4000244140625,597.5999755859375,597.9000244140625,597.9000244140625,345426
2023-01-24 12:30:00,597.8499755859375,598.75,597.5999755859375,597.9500122070312,597.9500122070312,373229
2023-01-24 13:00:00,598.0,598.0499877929688,595.5999755859375,595.75,595.75,458006
2023-01-24 13:30:00,595.5999755859375,596.2000122070312,593.7999877929688,594.4500122070312,594.4500122070312,728182
2023-01-24 14:00:00,594.5,595.6500244140625,594.0999755859375,594.8499755859375,594.8499755859375,717367
2023-01-24 14:30:00,594.7999877929688,595.5,594.4500122070312,595.1500244140625,595.1500244140625,538587
2023-01-24 15:00:00,595.2000122070312,596.0999755859375,593.0999755859375,593.9000244140625,593.9000244140625,1257614
2023-01-25 09:30:00,588.6500244140625,588.75,582.0,583.5,583.5,1655730
2023-01-25 10:00:00,583.5,583.9500122070312,574.5999755859375,574.9500122070312,574.9500122070312,2853865
2023-01-25 10:30:00,574.9500122070312,579.7999877929688,574.9500122070312,575.4500122070312,575.4500122070312,1944288
2023-01-25 11:00:00,575.5,576.2999877929688,568.0999755859375,569.7999877929688,569.7999877929688,3222112
2023-01-25 11:30:00,569.9000244140625,573.5,569.0999755859375,573.0999755859375,573.0999755859375,1897697
2023-01-25 12:00:00,573.1500244140625,573.1500244140625,568.3499755859375,570.5999755859375,570.5999755859375,1759328
2023-01-25 12:30:00,570.5499877929688,572.5,569.0,572.2999877929688,572.2999877929688,1446657
2023-01-25 13:00:00,572.25,572.5999755859375,570.0,570.4500122070312,570.4500122070312,1051508
2023-01-25 13:30:00,570.4500122070312,573.1500244140625,570.0,572.5999755859375,572.5999755859375,1016319
2023-01-25 14:00:00,572.5499877929688,574.5999755859375,572.0499877929688,573.6500244140625,573.6500244140625,1559984
2023-01-25 14:30:00,573.6500244140625,573.7999877929688,570.75,571.3499755859375,571.3499755859375,1244817
2023-01-25 15:00:00,571.3499755859375,571.3499755859375,567.5499877929688,567.7000122070312,567.7000122070312,4796812
2023-01-27 09:30:00,554.5499877929688,561.0,554.5499877929688,559.7000122070312,559.7000122070312,4258847
2023-01-27 10:00:00,559.75,560.0,553.0,556.5499877929688,556.5499877929688,3294978
2023-01-27 10:30:00,556.5499877929688,560.4000244140625,555.7999877929688,557.0999755859375,557.0999755859375,2145300
2023-01-27 11:00:00,556.9000244140625,557.4000244140625,552.5,552.75,552.75,2418357
2023-01-27 11:30:00,552.5,553.7999877929688,544.25,548.3499755859375,548.3499755859375,3437664
2023-01-27 12:00:00,548.4500122070312,549.4000244140625,542.5,543.25,543.25,3238726
2023-01-27 12:30:00,543.25,543.5,532.5499877929688,543.0,543.0,5240820
2023-01-27 13:00:00,543.3499755859375,546.0,541.0,541.5,541.5,2319739
2023-01-27 13:30:00,541.5,543.2999877929688,536.7999877929688,538.9500122070312,538.9500122070312,2475975
2023-01-27 14:00:00,539.0,539.7000122070312,535.5499877929688,538.5,538.5,1907099
2023-01-27 14:30:00,538.4000244140625,539.9000244140625,537.0,538.7000122070312,538.7000122070312,2204172
2023-01-27 15:00:00,538.7000122070312,542.0,538.5,541.9000244140625,541.9000244140625,3865424
2023-01-30 09:30:00,550.5999755859375,554.3499755859375,538.0,538.2999877929688,538.2999877929688,6151327
2023-01-30 10:00:00,538.5,541.4500122070312,536.2000122070312,540.7000122070312,540.7000122070312,2382607
2023-01-30 10:30:00,540.6500244140625,541.25,531.5499877929688,533.8499755859375,533.8499755859375,2220321
2023-01-30 11:00:00,533.8499755859375,535.6500244140625,530.25,532.6500244140625,532.6500244140625,1759581
2023-01-30 11:30:00,532.5999755859375,536.9500122070312,532.0499877929688,536.3499755859375,536.3499755859375,1776250
2023-01-30 12:00:00,536.3499755859375,538.4000244140625,533.0,533.2999877929688,533.2999877929688,1357904
2023-01-30 12:30:00,533.2999877929688,535.3499755859375,532.9000244140625,533.4500122070312,533.4500122070312,1502472
2023-01-30 13:00:00,533.4000244140625,533.4000244140625,530.0,531.0999755859375,531.0999755859375,1494242
2023-01-30 13:30:00,530.9500122070312,530.9500122070312,525.25,527.4000244140625,527.4000244140625,2227429
2023-01-30 14:00:00,527.5499877929688,531.7999877929688,526.2999877929688,529.5499877929688,529.5499877929688,3381712
2023-01-30 14:30:00,529.4500122070312,536.2000122070312,527.9000244140625,532.8499755859375,532.8499755859375,4548921
2023-01-30 15:00:00,532.5499877929688,541.9000244140625,532.5499877929688,541.2999877929688,541.2999877929688,5967414
2023-01-31 09:30:00,541.5,544.0,540.0,542.4000244140625,542.4000244140625,1116698
2023-01-31 10:00:00,542.2000122070312,548.8499755859375,542.1500244140625,548.4000244140625,548.4000244140625,1580053
2023-01-31 10:30:00,548.5499877929688,553.9000244140625,547.2000122070312,550.25,550.25,2615122
2023-01-31 11:00:00,550.25,554.3499755859375,550.0,552.7999877929688,552.7999877929688,1368691
2023-01-31 11:30:00,552.9000244140625,555.0,552.4500122070312,553.8499755859375,553.8499755859375,1270192
2023-01-31 12:00:00,553.7999877929688,554.2000122070312,551.6500244140625,553.0499877929688,553.0499877929688,1039228
2023-01-31 12:30:00,553.0499877929688,554.5,552.5999755859375,553.0,553.0,658923
2023-01-31 13:00:00,552.7999877929688,557.0,552.6500244140625,555.2999877929688,555.2999877929688,1272160
2023-01-31 13:30:00,555.2999877929688,555.8499755859375,553.7999877929688,554.7999877929688,554.7999877929688,877681
2023-01-31 14:00:00,554.8499755859375,554.8499755859375,550.0499877929688,551.7000122070312,551.7000122070312,1585215
2023-01-31 14:30:00,551.7000122070312,553.5,550.0,553.1500244140625,553.1500244140625,1219483
2023-01-31 15:00:00,552.8499755859375,556.9500122070312,549.5999755859375,553.5,553.5,5261456
2023-02-01 09:30:00,556.7000122070312,557.5,553.0,554.4000244140625,554.4000244140625,1718505
2023-02-01 10:00:00,554.2999877929688,557.4000244140625,554.0,556.7999877929688,556.7999877929688,743157
2023-02-01 10:30:00,556.9000244140625,557.6500244140625,555.7999877929688,557.0,557.0,643499
2023-02-01 11:00:00,557.0499877929688,557.75,550.0,554.9000244140625,554.9000244140625,1753311
2023-02-01 11:30:00,554.6500244140625,556.0,554.0,554.0,554.0,832731
2023-02-01 12:00:00,554.0,557.25,545.6500244140625,555.2000122070312,555.2000122070312,2190021
2023-02-01 12:30:00,555.2999877929688,564.9000244140625,555.25,564.7999877929688,564.7999877929688,3359637
2023-02-01 13:00:00,564.7999877929688,565.0,554.8499755859375,556.25,556.25,2106128
2023-02-01 13:30:00,556.2999877929688,557.7999877929688,538.1500244140625,538.5499877929688,538.5499877929688,4108966
2023-02-01 14:00:00,538.25,544.9500122070312,526.6500244140625,529.75,529.75,3963669
2023-02-01 14:30:00,529.8499755859375,536.4000244140625,499.70001220703125,522.75,522.75,8185432
2023-02-01 15:00:00,522.7999877929688,531.7000122070312,520.7000122070312,527.0,527.0,6422651
2023-02-02 09:30:00,517.9000244140625,532.5,515.0,522.4500122070312,522.4500122070312,5961864
2023-02-02 10:00:00,522.2999877929688,526.3499755859375,518.1500244140625,519.1500244140625,519.1500244140625,2779375
2023-02-02 10:30:00,519.0499877929688,525.4500122070312,518.2999877929688,523.4000244140625,523.4000244140625,2174616
2023-02-02 11:00:00,523.1500244140625,525.2999877929688,521.5,523.5499877929688,523.5499877929688,1127916
2023-02-02 11:30:00,523.5499877929688,529.0,521.2000122070312,525.7999877929688,525.7999877929688,1372677
2023-02-02 12:00:00,525.0,525.9000244140625,520.4500122070312,521.7999877929688,521.7999877929688,1509723
2023-02-02 12:30:00,521.7999877929688,524.5499877929688,520.0499877929688,524.0,524.0,1564860
2023-02-02 13:00:00,524.0,525.5499877929688,520.0999755859375,520.25,520.25,1497708
2023-02-02 13:30:00,520.25,520.9500122070312,515.1500244140625,517.9500122070312,517.9500122070312,2617097
2023-02-02 14:00:00,518.0,531.9500122070312,514.3499755859375,528.0499877929688,528.0499877929688,3965876
2023-02-02 14:30:00,528.0499877929688,530.9500122070312,524.2000122070312,528.2000122070312,528.2000122070312,2433965
2023-02-02 15:00:00,528.2000122070312,532.5,525.0,532.0499877929688,532.0499877929688,4702999
2023-02-03 09:30:00,537.1500244140625,537.1500244140625,529.25,533.5499877929688,533.5499877929688,3505682
2023-02-03 10:00:00,533.5499877929688,533.5999755859375,521.0,524.75,524.75,2434051
2023-02-03 10:30:00,524.8499755859375,526.9000244140625,519.3499755859375,523.8499755859375,523.8499755859375,2254862
2023-02-03 11:00:00,523.9000244140625,527.8499755859375,523.0,523.6500244140625,523.6500244140625,1053683
2023-02-03 11:30:00,523.25,531.5499877929688,522.5,529.5999755859375,529.5999755859375,1652604
2023-02-03 12:00:00,529.7999877929688,531.8499755859375,527.0,531.0,531.0,1232367
2023-02-03 12:30:00,531.0,533.2999877929688,529.2999877929688,529.75,529.75,1374891
2023-02-03 13:00:00,529.8499755859375,532.4000244140625,529.5,531.9000244140625,531.9000244140625,800741
2023-02-03 13:30:00,531.7000122070312,536.7999877929688,531.1500244140625,534.5999755859375,534.5999755859375,2138458
2023-02-03 14:00:00,534.5999755859375,543.0,534.25,540.0499877929688,540.0499877929688,4036095
2023-02-03 14:30:00,540.0,544.75,540.0,543.7999877929688,543.7999877929688,2984937
2023-02-03 15:00:00,543.75,545.9500122070312,541.1500244140625,545.0999755859375,545.0999755859375,4660460
2023-02-06 09:30:00,541.5999755859375,545.9500122070312,536.7999877929688,545.75,545.75,3934442
2023-02-06 10:00:00,545.5999755859375,547.5,540.4000244140625,541.5499877929688,541.5499877929688,2315632
2023-02-06 10:30:00,541.7000122070312,543.0,541.3499755859375,542.6500244140625,542.6500244140625,798775
2023-02-06 11:00:00,542.6500244140625,546.0999755859375,541.7000122070312,544.9000244140625,544.9000244140625,1104169
2023-02-06 11:30:00,544.9000244140625,546.8499755859375,543.5499877929688,546.7000122070312,546.7000122070312,925504
2023-02-06 12:00:00,546.6500244140625,547.0999755859375,544.0,544.0499877929688,544.0499877929688,1357473
2023-02-06 12:30:00,544.0,546.4500122070312,544.0,546.25,546.25,693989
2023-02-06 13:00:00,546.25,546.7999877929688,544.25,545.5499877929688,545.5499877929688,1006880
2023-02-06 13:30:00,545.5499877929688,548.25,545.0499877929688,547.8499755859375,547.8499755859375,1309613
2023-02-06 14:00:00,547.75,548.3499755859375,545.0,546.5,546.5,1589164
2023-02-06 14:30:00,546.4000244140625,546.7999877929688,545.1500244140625,546.0,546.0,1335928
2023-02-06 15:00:00,545.9500122070312,546.2000122070312,543.4000244140625,543.5499877929688,543.5499877929688,2966820
2023-02-07 09:30:00,546.25,546.8499755859375,543.3499755859375,545.0499877929688,545.0499877929688,1206597
2023-02-07 10:00:00,545.0499877929688,549.7000122070312,544.3499755859375,547.8499755859375,547.8499755859375,1571859
2023-02-07 10:30:00,547.9000244140625,551.4000244140625,547.7999877929688,548.25,548.25,1797591
2023-02-07 11:00:00,548.25,550.2999877929688,547.3499755859375,548.6500244140625,548.6500244140625,753268
2023-02-07 11:30:00,548.6500244140625,550.0,548.0,549.3499755859375,549.3499755859375,749158
2023-02-07 12:00:00,549.3499755859375,551.0999755859375,547.8499755859375,548.8499755859375,548.8499755859375,952978
2023-02-07 12:30:00,548.9000244140625,549.3499755859375,544.5,545.6500244140625,545.6500244140625,1163172
2023-02-07 13:00:00,545.6500244140625,546.5499877929688,541.1500244140625,544.25,544.25,1599610
2023-02-07 13:30:00,544.25,546.0,543.5,544.2999877929688,544.2999877929688,1174806
2023-02-07 14:00:00,544.2999877929688,547.2999877929688,544.0,545.7999877929688,545.7999877929688,906894
2023-02-07 14:30:00,545.8499755859375,548.5999755859375,545.4000244140625,548.3499755859375,548.3499755859375,1100757
2023-02-07 15:00:00,548.5,548.7000122070312,545.5,546.2000122070312,546.2000122070312,1755656
2023-02-08 09:30:00,551.1500244140625,553.0,550.25,551.7999877929688,551.7999877929688,1706239
2023-02-08 10:00:00,551.7000122070312,554.4000244140625,548.7000122070312,552.0999755859375,552.0999755859375,2157115
2023-02-08 10:30:00,552.3499755859375,552.3499755859375,545.5,548.5999755859375,548.5999755859375,2412942
2023-02-08 11:00:00,548.5,550.0,548.0999755859375,548.7000122070312,548.7000122070312,664057
2023-02-08 11:30:00,548.5,549.9000244140625,548.4000244140625,549.5999755859375,549.5999755859375,463755
2023-02-08 12:00:00,549.5999755859375,549.7000122070312,547.0999755859375,548.3499755859375,548.3499755859375,550474
2023-02-08 12:30:00,548.0999755859375,549.2000122070312,548.0,548.6500244140625,548.6500244140625,395308
2023-02-08 13:00:00,548.75,549.2000122070312,548.2000122070312,549.0,549.0,695218
2023-02-08 13:30:00,549.0,549.1500244140625,547.0999755859375,548.4500122070312,548.4500122070312,957551
2023-02-08 14:00:00,548.4000244140625,549.2000122070312,548.0,548.7999877929688,548.7999877929688,838159
2023-02-08 14:30:00,548.7999877929688,550.25,548.5,548.9000244140625,548.9000244140625,841464
2023-02-08 15:00:00,548.9500122070312,551.25,548.4500122070312,550.4000244140625,550.4000244140625,2389605
2023-02-09 09:30:00,547.0999755859375,547.9000244140625,542.7999877929688,547.2000122070312,547.2000122070312,2171394
2023-02-09 10:00:00,547.2000122070312,548.5,546.5,547.6500244140625,547.6500244140625,904434
2023-02-09 10:30:00,547.75,549.0,547.0499877929688,548.25,548.25,714678
2023-02-09 11:00:00,548.25,549.0,547.4000244140625,548.8499755859375,548.8499755859375,619841
2023-02-09 11:30:00,548.8499755859375,549.0,546.6500244140625,547.4000244140625,547.4000244140625,794405
2023-02-09 12:00:00,547.5499877929688,547.8499755859375,546.6500244140625,547.0,547.0,770254
2023-02-09 12:30:00,546.9000244140625,547.2999877929688,546.0,547.1500244140625,547.1500244140625,855067
2023-02-09 13:00:00,547.2000122070312,547.5,546.7000122070312,547.2000122070312,547.2000122070312,724608
2023-02-09 13:30:00,547.1500244140625,550.5,547.1500244140625,549.9000244140625,549.9000244140625,1374154
2023-02-09 14:00:00,549.8499755859375,551.1500244140625,549.75,550.5499877929688,550.5499877929688,1240969
2023-02-09 14:30:00,550.5999755859375,551.75,549.4500122070312,550.5,550.5,1162532
2023-02-09 15:00:00,550.2999877929688,551.5,549.75,550.7999877929688,550.7999877929688,1928826
2023-02-10 09:30:00,551.0,556.7999877929688,550.5499877929688,555.75,555.75,1977928
2023-02-10 10:00:00,555.75,557.25,554.5499877929688,555.7999877929688,555.7999877929688,1273664
2023-02-10 10:30:00,555.9000244140625,556.9000244140625,554.6500244140625,554.9000244140625,554.9000244140625,826515
2023-02-10 11:00:00,554.9500122070312,555.75,553.7999877929688,554.9000244140625,554.9000244140625,695248
2023-02-10 11:30:00,554.9000244140625,556.5,554.5999755859375,556.0,556.0,608605
2023-02-10 12:00:00,556.0,556.4500122070312,555.0499877929688,555.5999755859375,555.5999755859375,591126
2023-02-10 12:30:00,555.7000122070312,556.2000122070312,553.2999877929688,553.2999877929688,553.2999877929688,934596
2023-02-10 13:00:00,553.2999877929688,554.4000244140625,552.5999755859375,553.75,553.75,1127044
2023-02-10 13:30:00,553.7999877929688,554.7999877929688,553.0,553.75,553.75,796896
2023-02-10 14:00:00,553.75,554.7000122070312,553.1500244140625,554.1500244140625,554.1500244140625,712219
2023-02-10 14:30:00,554.2000122070312,554.2000122070312,551.1500244140625,552.0499877929688,552.0499877929688,1170991
2023-02-10 15:00:00,551.9000244140625,553.5999755859375,551.75,552.9000244140625,552.9000244140625,1939927
2023-02-13 09:30:00,551.0999755859375,551.2000122070312,544.25,545.2999877929688,545.2999877929688,1816335
2023-02-13 10:00:00,545.0499877929688,545.2999877929688,533.4000244140625,538.5,538.5,3666078
2023-02-13 10:30:00,538.5,539.0,537.75,538.0,538.0,1147613
2023-02-13 11:00:00,538.2000122070312,539.0,535.0,536.4500122070312,536.4500122070312,1427646
2023-02-13 11:30:00,536.25,537.9000244140625,534.4000244140625,537.7999877929688,537.7999877929688,1448819
2023-02-13 12:00:00,537.9000244140625,537.9000244140625,535.2999877929688,536.4500122070312,536.4500122070312,870176
2023-02-13 12:30:00,536.5,536.7999877929688,535.3499755859375,536.2999877929688,536.2999877929688,698827
2023-02-13 13:00:00,536.3499755859375,536.8499755859375,535.7000122070312,536.2000122070312,536.2000122070312,844662
2023-02-13 13:30:00,536.25,536.7000122070312,536.0,536.6500244140625,536.6500244140625,766701
2023-02-13 14:00:00,536.6500244140625,538.5999755859375,536.2000122070312,536.8499755859375,536.8499755859375,857271
2023-02-13 14:30:00,536.9000244140625,537.9000244140625,536.6500244140625,537.75,537.75,958731
2023-02-13 15:00:00,537.7999877929688,537.9500122070312,536.0999755859375,537.5,537.5,2566447
2023-02-14 09:30:00,534.0499877929688,535.75,530.9000244140625,533.6500244140625,533.6500244140625,2070163
2023-02-14 10:00:00,533.6500244140625,535.9500122070312,533.0999755859375,534.4500122070312,534.4500122070312,1205673
2023-02-14 10:30:00,534.6500244140625,535.4000244140625,533.0999755859375,533.5499877929688,533.5499877929688,1387735
2023-02-14 11:00:00,533.6500244140625,534.25,532.7999877929688,533.9000244140625,533.9000244140625,847544
2023-02-14 11:30:00,533.8499755859375,534.25,533.4000244140625,533.7999877929688,533.7999877929688,575551
2023-02-14 12:00:00,533.7999877929688,536.0999755859375,533.5,535.0499877929688,535.0499877929688,982607
2023-02-14 12:30:00,535.0,537.3499755859375,534.2999877929688,535.2999877929688,535.2999877929688,1145397
2023-02-14 13:00:00,535.2999877929688,536.5,535.1500244140625,536.0999755859375,536.0999755859375,687092
2023-02-14 13:30:00,536.0999755859375,539.0,534.9000244140625,538.0,538.0,1237108
2023-02-14 14:00:00,538.0,541.5999755859375,538.0,538.8499755859375,538.8499755859375,1870448
2023-02-14 14:30:00,539.0,544.5499877929688,538.8499755859375,541.2000122070312,541.2000122070312,2430354
2023-02-14 15:00:00,541.2000122070312,541.7000122070312,540.0,540.8499755859375,540.8499755859375,2297619
2023-02-15 09:30:00,540.8499755859375,542.5,539.0,541.2999877929688,541.2999877929688,906570
2023-02-15 10:00:00,541.4000244140625,543.0,541.25,541.9500122070312,541.9500122070312,692115
2023-02-15 10:30:00,541.9000244140625,543.7999877929688,541.75,542.0,542.0,496079
2023-02-15 11:00:00,541.9000244140625,544.0,541.9000244140625,542.9000244140625,542.9000244140625,624003
2023-02-15 11:30:00,542.7999877929688,544.6500244140625,542.0,542.0499877929688,542.0499877929688,816978
2023-02-15 12:00:00,542.0999755859375,542.25,540.0,541.1500244140625,541.1500244140625,937351
2023-02-15 12:30:00,541.0499877929688,541.75,540.7999877929688,541.1500244140625,541.1500244140625,453016
2023-02-15 13:00:00,541.2000122070312,541.4500122070312,539.1500244140625,539.9500122070312,539.9500122070312,1138115
2023-02-15 13:30:00,540.0,540.1500244140625,539.0499877929688,539.7999877929688,539.7999877929688,853475
2023-02-15 14:00:00,539.75,540.8499755859375,539.3499755859375,539.4500122070312,539.4500122070312,1226113
2023-02-15 14:30:00,539.5499877929688,541.5,539.4000244140625,540.8499755859375,540.8499755859375,1025925
2023-02-15 15:00:00,540.9500122070312,543.2000122070312,540.8499755859375,542.7999877929688,542.7999877929688,2483638
2023-02-16 09:30:00,545.0999755859375,545.9500122070312,543.0499877929688,543.9500122070312,543.9500122070312,1242463
2023-02-16 10:00:00,543.9000244140625,544.25,542.2000122070312,542.25,542.25,717439
2023-02-16 10:30:00,542.25,542.7999877929688,541.4000244140625,542.6500244140625,542.6500244140625,1072207
2023-02-16 11:00:00,542.4000244140625,542.6500244140625,541.5,541.7000122070312,541.7000122070312,852682
2023-02-16 11:30:00,541.6500244140625,543.2000122070312,540.5999755859375,543.0499877929688,543.0499877929688,884313
2023-02-16 12:00:00,543.0499877929688,543.0999755859375,541.4500122070312,541.8499755859375,541.8499755859375,538448
2023-02-16 12:30:00,541.75,542.3499755859375,540.6500244140625,541.25,541.25,820876
2023-02-16 13:00:00,541.3499755859375,543.0,541.0499877929688,542.9000244140625,542.9000244140625,1034461
2023-02-16 13:30:00,542.9500122070312,543.5,541.2999877929688,542.0,542.0,704738
2023-02-16 14:00:00,542.0,543.0499877929688,541.0,541.3499755859375,541.3499755859375,638826
2023-02-16 14:30:00,541.3499755859375,542.25,541.0499877929688,541.2999877929688,541.2999877929688,942476
2023-02-16 15:00:00,541.2999877929688,541.7999877929688,538.7999877929688,539.0,539.0,2069685
2023-02-17 09:30:00,537.9000244140625,539.6500244140625,536.5999755859375,537.25,537.25,777611
2023-02-17 10:00:00,537.3499755859375,537.7000122070312,535.6500244140625,537.0999755859375,537.0999755859375,554445
2023-02-17 10:30:00,537.2000122070312,537.2000122070312,536.0999755859375,536.2000122070312,536.2000122070312,261210
2023-02-17 11:00:00,536.0999755859375,536.7000122070312,534.0,534.4000244140625,534.4000244140625,960058
2023-02-17 11:30:00,534.5,534.75,532.7999877929688,533.4500122070312,533.4500122070312,995280
2023-02-17 12:00:00,533.5,534.25,531.5,531.9000244140625,531.9000244140625,1041715
2023-02-17 12:30:00,531.9500122070312,532.75,531.0,531.2000122070312,531.2000122070312,1057921
2023-02-17 13:00:00,531.0499877929688,531.9000244140625,528.7000122070312,530.4500122070312,530.4500122070312,1288037
2023-02-17 13:30:00,530.3499755859375,531.0999755859375,527.7999877929688,529.5,529.5,1499327
2023-02-17 14:00:00,529.5,530.1500244140625,528.75,530.0,530.0,1006757
2023-02-17 14:30:00,530.0,530.9500122070312,528.5499877929688,530.75,530.75,1492973
2023-02-17 15:00:00,530.75,532.3499755859375,530.25,530.5999755859375,530.5999755859375,2189215
2023-02-20 09:30:00,531.8499755859375,532.7999877929688,528.1500244140625,532.2999877929688,532.2999877929688,1016809
2023-02-20 10:00:00,532.2999877929688,532.5,529.1500244140625,529.8499755859375,529.8499755859375,559661
2023-02-20 10:30:00,529.75,530.5,528.5999755859375,529.2999877929688,529.2999877929688,454436
2023-02-20 11:00:00,529.25,529.4000244140625,527.2000122070312,527.4000244140625,527.4000244140625,612462
2023-02-20 11:30:00,527.5999755859375,528.2999877929688,526.0499877929688,526.8499755859375,526.8499755859375,835520
2023-02-20 12:00:00,526.8499755859375,528.8499755859375,525.7000122070312,527.5,527.5,680638
2023-02-20 12:30:00,527.2999877929688,528.0499877929688,526.7999877929688,527.25,527.25,426041
2023-02-20 13:00:00,527.25,529.0,527.0999755859375,527.4000244140625,527.4000244140625,663286
2023-02-20 13:30:00,527.4500122070312,527.5499877929688,525.0999755859375,525.2999877929688,525.2999877929688,1088591
2023-02-20 14:00:00,525.5499877929688,525.8499755859375,522.25,522.5499877929688,522.5499877929688,1914363
2023-02-20 14:30:00,522.7000122070312,525.4500122070312,522.5999755859375,525.0,525.0,1365559
2023-02-20 15:00:00,525.25,526.2000122070312,523.8499755859375,525.2000122070312,525.2000122070312,1934663
2023-02-21 09:30:00,525.9500122070312,526.9500122070312,522.5499877929688,524.5,524.5,1204068
2023-02-21 10:00:00,524.5,528.9500122070312,524.25,527.9000244140625,527.9000244140625,1325215
2023-02-21 10:30:00,527.9000244140625,528.5999755859375,527.0999755859375,527.6500244140625,527.6500244140625,432644
2023-02-21 11:00:00,527.6500244140625,528.5,526.7999877929688,528.0,528.0,475286
2023-02-21 11:30:00,527.9500122070312,528.5,527.0,528.1500244140625,528.1500244140625,472607
2023-02-21 12:00:00,528.0499877929688,528.8499755859375,524.0,524.4000244140625,524.4000244140625,1039882
2023-02-21 12:30:00,524.4000244140625,524.9000244140625,523.2999877929688,524.4000244140625,524.4000244140625,659797
2023-02-21 13:00:00,524.4500122070312,525.5,524.0,524.4500122070312,524.4500122070312,487281
2023-02-21 13:30:00,524.4500122070312,526.7000122070312,524.1500244140625,525.7000122070312,525.7000122070312,549626
2023-02-21 14:00:00,525.75,526.5,523.1500244140625,523.2000122070312,523.2000122070312,671921
2023-02-21 14:30:00,523.1500244140625,525.75,523.0,523.7000122070312,523.7000122070312,745852
2023-02-21 15:00:00,523.75,524.7000122070312,522.5499877929688,523.7999877929688,523.7999877929688,1168500
2023-02-22 09:30:00,519.75,521.75,517.0499877929688,517.5,517.5,1552189
2023-02-22 10:00:00,517.5,518.8499755859375,515.7000122070312,516.5999755859375,516.5999755859375,969339
2023-02-22 10:30:00,516.75,517.4000244140625,515.5,515.6500244140625,515.6500244140625,795416
2023-02-22 11:00:00,515.8499755859375,517.0999755859375,515.6500244140625,516.4500122070312,516.4500122070312,645637
2023-02-22 11:30:00,516.5499877929688,516.5999755859375,515.0,515.6500244140625,515.6500244140625,741906
2023-02-22 12:00:00,515.5999755859375,516.5,515.1500244140625,515.5999755859375,515.5999755859375,638034
2023-02-22 12:30:00,515.75,516.2999877929688,515.0999755859375,516.0,516.0,736982
2023-02-22 13:00:00,516.0499877929688,516.9000244140625,515.5999755859375,516.0499877929688,516.0499877929688,985341
2023-02-22 13:30:00,516.0499877929688,516.4500122070312,515.0999755859375,515.5999755859375,515.5999755859375,1251152
2023-02-22 14:00:00,515.5499877929688,516.1500244140625,512.5,516.0999755859375,516.0999755859375,1579540
2023-02-22 14:30:00,515.9500122070312,517.4000244140625,515.7000122070312,516.1500244140625,516.1500244140625,1282903
2023-02-22 15:00:00,516.1500244140625,516.9000244140625,515.75,516.75,516.75,2346942
2023-02-23 09:30:00,516.8499755859375,517.75,511.3999938964844,517.0,517.0,1687420
2023-02-23 10:00:00,516.7999877929688,520.5,516.7999877929688,520.5,520.5,1758616
2023-02-23 10:30:00,520.3499755859375,521.2000122070312,517.25,517.5499877929688,517.5499877929688,993275
2023-02-23 11:00:00,517.4000244140625,519.0999755859375,516.5999755859375,518.1500244140625,518.1500244140625,947532
2023-02-23 11:30:00,518.1500244140625,518.1500244140625,517.3499755859375,517.5499877929688,517.5499877929688,477331
2023-02-23 12:00:00,517.5499877929688,517.5499877929688,515.7000122070312,516.0499877929688,516.0499877929688,1037058
2023-02-23 12:30:00,515.9500122070312,518.0,515.75,517.7000122070312,517.7000122070312,719182
2023-02-23 13:00:00,517.75,521.0999755859375,517.5999755859375,519.2999877929688,519.2999877929688,999694
2023-02-23 13:30:00,519.3499755859375,522.6500244140625,518.8499755859375,522.1500244140625,522.1500244140625,1167924
2023-02-23 14:00:00,522.0999755859375,523.0999755859375,520.5,521.0,521.0,1095278
2023-02-23 14:30:00,521.0,522.4000244140625,520.0,522.2000122070312,522.2000122070312,1124963
2023-02-23 15:00:00,522.2000122070312,524.0,519.0999755859375,523.0,523.0,2223794
2023-02-24 09:30:00,525.5499877929688,525.5499877929688,522.5,523.5499877929688,523.5499877929688,1469439
2023-02-24 10:00:00,523.5499877929688,524.9500122070312,521.5999755859375,524.25,524.25,1011323
2023-02-24 10:30:00,524.25,524.7999877929688,521.25,521.4000244140625,521.4000244140625,677831
2023-02-24 11:00:00,521.5,524.0,521.2999877929688,523.5,523.5,724378
2023-02-24 11:30:00,523.5,524.0499877929688,520.0,521.7000122070312,521.7000122070312,972632
2023-02-24 12:00:00,521.7000122070312,523.1500244140625,521.0,521.7000122070312,521.7000122070312,424180
2023-02-24 12:30:00,521.7999877929688,523.5,521.0,521.2999877929688,521.2999877929688,483051
2023-02-24 13:00:00,521.2999877929688,522.1500244140625,520.2999877929688,520.4000244140625,520.4000244140625,502080
2023-02-24 13:30:00,520.2999877929688,521.5499877929688,520.1500244140625,521.5,521.5,561852
2023-02-24 14:00:00,521.3499755859375,521.7000122070312,517.6500244140625,518.25,518.25,1198947
2023-02-24 14:30:00,518.25,519.75,518.2000122070312,519.2999877929688,519.2999877929688,927909
2023-02-24 15:00:00,519.25,522.0,519.25,521.0499877929688,521.0499877929688,1671603
2023-02-27 09:30:00,524.75,525.75,522.5499877929688,523.5,523.5,1113300
2023-02-27 10:00:00,523.4500122070312,524.4500122070312,521.5999755859375,523.0,523.0,848876
2023-02-27 10:30:00,522.9500122070312,523.0,521.0499877929688,522.5,522.5,527105
2023-02-27 11:00:00,522.5,525.0,522.4500122070312,524.2999877929688,524.2999877929688,608999
2023-02-27 11:30:00,524.2999877929688,527.0,524.25,526.0499877929688,526.0499877929688,910123
2023-02-27 12:00:00,526.0,526.7999877929688,524.5999755859375,525.3499755859375,525.3499755859375,636498
2023-02-27 12:30:00,525.4000244140625,526.2999877929688,525.0,525.7000122070312,525.7000122070312,461444
2023-02-27 13:00:00,525.7000122070312,526.2000122070312,523.75,525.0999755859375,525.0999755859375,560484
2023-02-27 13:30:00,525.0999755859375,527.9000244140625,524.8499755859375,527.2999877929688,527.2999877929688,829060
2023-02-27 14:00:00,527.2999877929688,529.7000122070312,527.0,527.5,527.5,1154486
2023-02-27 14:30:00,527.5999755859375,528.5,526.4000244140625,527.8499755859375,527.8499755859375,648844
2023-02-27 15:00:00,527.8499755859375,528.4500122070312,526.9500122070312,527.5,527.5,1672219
2023-02-28 09:30:00,523.5999755859375,525.75,522.9000244140625,524.9000244140625,524.9000244140625,923717
2023-02-28 10:00:00,524.9500122070312,526.0,523.75,525.5499877929688,525.5499877929688,611128
2023-02-28 10:30:00,525.7999877929688,525.8499755859375,523.5,524.7000122070312,524.7000122070312,547834
2023-02-28 11:00:00,524.7000122070312,525.0999755859375,523.8499755859375,524.5,524.5,428707
2023-02-28 11:30:00,524.6500244140625,525.5,524.3499755859375,525.25,525.25,907381
2023-02-28 12:00:00,525.2000122070312,526.75,524.7999877929688,526.5999755859375,526.5999755859375,548794
2023-02-28 12:30:00,526.5999755859375,527.0,525.5999755859375,526.6500244140625,526.6500244140625,706201
2023-02-28 13:00:00,526.8499755859375,526.8499755859375,525.4000244140625,525.9000244140625,525.9000244140625,520567
2023-02-28 13:30:00,525.8499755859375,526.5,524.7000122070312,524.8499755859375,524.8499755859375,590775
2023-02-28 14:00:00,524.9000244140625,524.9000244140625,522.0,524.0,524.0,1192947
2023-02-28 14:30:00,524.0999755859375,525.0,523.5,524.25,524.25,677268
2023-02-28 15:00:00,524.25,525.0999755859375,521.5,522.4500122070312,522.4500122070312,6993781
2023-03-01 09:30:00,527.2999877929688,528.7000122070312,527.0,528.0,528.0,870027
2023-03-01 10:00:00,528.0,529.0,527.7000122070312,528.3499755859375,528.3499755859375,776737
2023-03-01 10:30:00,528.25,532.25,528.25,531.75,531.75,2070049
2023-03-01 11:00:00,531.7000122070312,532.9000244140625,530.5999755859375,532.4500122070312,532.4500122070312,966163
2023-03-01 11:30:00,532.3499755859375,532.9000244140625,531.4000244140625,532.3499755859375,532.3499755859375,595377
2023-03-01 12:00:00,532.2999877929688,532.5999755859375,531.3499755859375,531.9000244140625,531.9000244140625,510831
2023-03-01 12:30:00,531.9000244140625,532.8499755859375,531.7000122070312,532.6500244140625,532.6500244140625,570930
2023-03-01 13:00:00,532.7000122070312,532.75,531.9000244140625,532.4500122070312,532.4500122070312,415366
2023-03-01 13:30:00,532.5499877929688,534.1500244140625,532.2000122070312,533.7000122070312,533.7000122070312,923555
2023-03-01 14:00:00,533.7000122070312,535.8499755859375,533.5,535.5499877929688,535.5499877929688,1331798
2023-03-01 14:30:00,535.5999755859375,537.0,534.8499755859375,536.0499877929688,536.0499877929688,1289991
2023-03-01 15:00:00,536.1500244140625,537.3499755859375,535.8499755859375,536.25,536.25,2136300
2023-03-02 09:30:00,533.4000244140625,537.9500122070312,533.0,537.1500244140625,537.1500244140625,1584475
2023-03-02 10:00:00,537.0,538.9000244140625,536.9000244140625,537.25,537.25,947089
2023-03-02 10:30:00,537.25,539.9000244140625,536.4500122070312,537.2000122070312,537.2000122070312,911447
2023-03-02 11:00:00,537.2000122070312,537.9500122070312,534.5999755859375,535.0,535.0,888855
2023-03-02 11:30:00,535.0,535.9500122070312,534.5,535.5499877929688,535.5499877929688,391555
2023-03-02 12:00:00,535.5499877929688,536.5,534.2999877929688,535.0,535.0,537124
2023-03-02 12:30:00,535.0,536.5,534.7000122070312,535.7999877929688,535.7999877929688,414242
2023-03-02 13:00:00,535.8499755859375,536.0999755859375,534.7999877929688,535.4500122070312,535.4500122070312,320925
2023-03-02 13:30:00,535.4500122070312,535.5999755859375,533.7000122070312,535.2000122070312,535.2000122070312,495905
2023-03-02 14:00:00,535.0999755859375,535.9500122070312,533.5999755859375,535.4000244140625,535.4000244140625,469542
2023-03-02 14:30:00,535.4000244140625,536.25,534.5,534.9000244140625,534.9000244140625,490437
2023-03-02 15:00:00,535.0499877929688,535.3499755859375,532.5999755859375,534.4000244140625,534.4000244140625,1622163
2023-03-03 09:30:00,552.0,553.5,550.5,551.9000244140625,551.9000244140625,2072636
2023-03-03 10:00:00,551.9500122070312,555.7000122070312,551.75,555.5,555.5,1961609
2023-03-03 10:30:00,555.4000244140625,558.0,555.0999755859375,557.5,557.5,1795938
2023-03-03 11:00:00,557.5,558.0,556.1500244140625,557.8499755859375,557.8499755859375,1635145
2023-03-03 11:30:00,557.8499755859375,560.5499877929688,557.8499755859375,560.4500122070312,560.4500122070312,2937592
2023-03-03 12:00:00,560.4500122070312,563.9500122070312,560.4500122070312,560.5499877929688,560.5499877929688,2957322
2023-03-03 12:30:00,560.5999755859375,561.25,558.7999877929688,560.4000244140625,560.4000244140625,1571303
2023-03-03 13:00:00,560.4000244140625,562.0,560.0,561.0999755859375,561.0999755859375,941250
2023-03-03 13:30:00,561.0999755859375,562.5499877929688,561.0,561.6500244140625,561.6500244140625,1263047
2023-03-03 14:00:00,561.5499877929688,562.5,561.25,562.3499755859375,562.3499755859375,1031283
2023-03-03 14:30:00,562.3499755859375,562.8499755859375,560.75,562.5999755859375,562.5999755859375,1297420
2023-03-03 15:00:00,562.5,562.5,560.3499755859375,560.9500122070312,560.9500122070312,2964378
2023-03-06 09:30:00,564.2999877929688,565.5999755859375,564.0999755859375,564.8499755859375,564.8499755859375,1447921
2023-03-06 10:00:00,564.7999877929688,567.9000244140625,564.7999877929688,566.25,566.25,2001542
2023-03-06 10:30:00,566.1500244140625,567.4000244140625,565.7000122070312,566.5499877929688,566.5499877929688,1044779
2023-03-06 11:00:00,566.4500122070312,566.4500122070312,561.6500244140625,562.9500122070312,562.9500122070312,1743242
2023-03-06 11:30:00,562.7999877929688,564.1500244140625,562.7999877929688,563.8499755859375,563.8499755859375,700356
2023-03-06 12:00:00,563.9000244140625,564.0999755859375,560.1500244140625,560.3499755859375,560.3499755859375,1208005
2023-03-06 12:30:00,560.25,562.0,560.0,560.6500244140625,560.6500244140625,749637
2023-03-06 13:00:00,560.75,563.0999755859375,560.5499877929688,561.0,561.0,806482
2023-03-06 13:30:00,561.0,562.5,559.1500244140625,561.9500122070312,561.9500122070312,967628
2023-03-06 14:00:00,561.9500122070312,562.7000122070312,560.5,562.2999877929688,562.2999877929688,1088626
2023-03-06 14:30:00,562.2999877929688,562.6500244140625,560.5499877929688,561.5999755859375,561.5999755859375,887771
2023-03-06 15:00:00,561.75,562.0,560.8499755859375,561.7000122070312,561.7000122070312,1493052
2023-03-08 09:30:00,557.8499755859375,561.3499755859375,556.4500122070312,561.0499877929688,561.0499877929688,1672906
2023-03-08 10:00:00,561.0499877929688,561.3499755859375,557.75,559.2000122070312,559.2000122070312,1095351
2023-03-08 10:30:00,559.0999755859375,560.9000244140625,558.9000244140625,560.5,560.5,574401
2023-03-08 11:00:00,560.5,560.5999755859375,559.4000244140625,559.9500122070312,559.9500122070312,379447
2023-03-08 11:30:00,560.0,560.8499755859375,559.5,559.75,559.75,499975
2023-03-08 12:00:00,559.75,560.5999755859375,559.2000122070312,560.25,560.25,348629
2023-03-08 12:30:00,560.25,560.8499755859375,559.6500244140625,560.2999877929688,560.2999877929688,351024
2023-03-08 13:00:00,560.3499755859375,561.0,560.0999755859375,560.5499877929688,560.5499877929688,365719
2023-03-08 13:30:00,560.5499877929688,563.2999877929688,560.4500122070312,562.7999877929688,562.7999877929688,847868
2023-03-08 14:00:00,563.0499877929688,564.2000122070312,562.7999877929688,563.2999877929688,563.2999877929688,1028267
2023-03-08 14:30:00,563.2999877929688,563.75,561.9000244140625,563.2999877929688,563.2999877929688,1045776
2023-03-08 15:00:00,563.4000244140625,565.5,563.2999877929688,563.5,563.5,2510537
2023-03-09 09:30:00,563.1500244140625,563.7999877929688,561.5499877929688,561.5999755859375,561.5999755859375,711232
2023-03-09 10:00:00,561.6500244140625,563.3499755859375,560.7999877929688,563.0999755859375,563.0999755859375,615374
2023-03-09 10:30:00,563.0999755859375,563.2000122070312,561.2000122070312,562.5,562.5,557149
2023-03-09 11:00:00,562.5,564.0499877929688,562.2999877929688,563.7999877929688,563.7999877929688,541128
2023-03-09 11:30:00,563.8499755859375,564.2999877929688,562.3499755859375,563.2999877929688,563.2999877929688,651275
2023-03-09 12:00:00,563.2999877929688,563.5499877929688,561.6500244140625,562.0999755859375,562.0999755859375,595099
2023-03-09 12:30:00,562.2000122070312,562.4500122070312,561.0999755859375,562.1500244140625,562.1500244140625,573610
2023-03-09 13:00:00,562.25,562.5499877929688,561.4000244140625,562.2999877929688,562.2999877929688,348337
2023-03-09 13:30:00,562.3499755859375,562.5499877929688,560.0,560.4000244140625,560.4000244140625,709212
2023-03-09 14:00:00,560.4500122070312,561.5499877929688,559.7999877929688,560.6500244140625,560.6500244140625,868263
2023-03-09 14:30:00,560.7000122070312,561.0499877929688,559.5499877929688,559.7999877929688,559.7999877929688,619271
2023-03-09 15:00:00,559.7999877929688,559.7999877929688,558.0499877929688,558.7000122070312,558.7000122070312,1330234
2023-03-10 09:30:00,552.0,552.0999755859375,547.0499877929688,549.0,549.0,1675962
2023-03-10 10:00:00,548.9500122070312,549.5999755859375,546.5499877929688,548.0999755859375,548.0999755859375,866905
2023-03-10 10:30:00,548.0999755859375,550.6500244140625,548.0,549.2999877929688,549.2999877929688,638443
2023-03-10 11:00:00,549.2999877929688,549.5499877929688,548.1500244140625,549.0,549.0,540211
2023-03-10 11:30:00,549.0,549.2000122070312,547.2999877929688,547.8499755859375,547.8499755859375,544500
2023-03-10 12:00:00,547.8499755859375,548.0999755859375,546.0999755859375,547.25,547.25,554917
2023-03-10 12:30:00,547.2999877929688,548.25,546.2999877929688,548.25,548.25,426325
2023-03-10 13:00:00,548.25,549.0,547.5499877929688,547.6500244140625,547.6500244140625,413225
2023-03-10 13:30:00,547.6500244140625,548.0,546.5999755859375,547.2999877929688,547.2999877929688,581455
2023-03-10 14:00:00,547.2999877929688,547.7999877929688,545.5,545.9500122070312,545.9500122070312,843288
2023-03-10 14:30:00,545.9500122070312,546.5,545.0,545.75,545.75,873740
2023-03-10 15:00:00,545.8499755859375,548.7000122070312,545.8499755859375,547.8499755859375,547.8499755859375,2125528
2023-03-13 09:30:00,550.1500244140625,552.8499755859375,547.2999877929688,548.8499755859375,548.8499755859375,1113978
2023-03-13 10:00:00,548.7999877929688,549.6500244140625,545.7999877929688,546.0,546.0,601247
2023-03-13 10:30:00,545.9000244140625,547.0,545.2000122070312,546.4500122070312,546.4500122070312,422102
2023-03-13 11:00:00,546.5999755859375,546.5999755859375,543.2999877929688,543.5999755859375,543.5999755859375,600516
2023-03-13 11:30:00,543.6500244140625,543.7999877929688,541.6500244140625,542.8499755859375,542.8499755859375,623251
2023-03-13 12:00:00,543.0,543.2999877929688,540.2000122070312,541.25,541.25,633630
2023-03-13 12:30:00,541.2999877929688,541.4500122070312,537.4000244140625,537.5499877929688,537.5499877929688,942879
2023-03-13 13:00:00,537.5499877929688,538.5999755859375,535.7999877929688,536.0999755859375,536.0999755859375,906377
2023-03-13 13:30:00,536.0999755859375,536.25,532.4000244140625,532.7999877929688,532.7999877929688,1440461
2023-03-13 14:00:00,532.8499755859375,534.4000244140625,532.0,533.75,533.75,1072191
2023-03-13 14:30:00,533.7999877929688,534.4000244140625,531.0,531.3499755859375,531.3499755859375,1436344
2023-03-13 15:00:00,531.25,532.4000244140625,528.5499877929688,530.0,530.0,3712850
2023-03-14 09:30:00,529.8499755859375,532.2999877929688,528.0,528.8499755859375,528.8499755859375,1248960
2023-03-14 10:00:00,528.75,528.9500122070312,522.0,523.0,523.0,1278088
2023-03-14 10:30:00,523.0,524.9000244140625,520.0,522.2000122070312,522.2000122070312,1097402
2023-03-14 11:00:00,522.0499877929688,523.0,520.5,521.7999877929688,521.7999877929688,746284
2023-03-14 11:30:00,521.8499755859375,523.9000244140625,521.0999755859375,521.25,521.25,677836
2023-03-14 12:00:00,521.2999877929688,526.2000122070312,520.5499877929688,526.0,526.0,904946
2023-03-14 12:30:00,526.0,528.4000244140625,521.6500244140625,522.2000122070312,522.2000122070312,1188437
2023-03-14 13:00:00,522.25,524.5,521.0,524.2000122070312,524.2000122070312,754912
2023-03-14 13:30:00,524.3499755859375,525.3499755859375,521.2999877929688,522.0499877929688,522.0499877929688,896409
2023-03-14 14:00:00,522.0,524.6500244140625,520.0,523.5999755859375,523.5999755859375,1196935
2023-03-14 14:30:00,523.5999755859375,527.4000244140625,522.75,525.5999755859375,525.5999755859375,1330148
2023-03-14 15:00:00,525.5499877929688,526.9000244140625,523.9500122070312,525.4000244140625,525.4000244140625,1663176
2023-03-15 09:30:00,529.2999877929688,529.4500122070312,526.0,527.75,527.75,860626
2023-03-15 10:00:00,527.5999755859375,529.25,527.4000244140625,528.5999755859375,528.5999755859375,566783
2023-03-15 10:30:00,528.5999755859375,528.5999755859375,525.5,526.75,526.75,613939
2023-03-15 11:00:00,526.8499755859375,528.9000244140625,526.25,528.2999877929688,528.2999877929688,507485
2023-03-15 11:30:00,528.2999877929688,528.9000244140625,527.6500244140625,528.0999755859375,528.0999755859375,314734
2023-03-15 12:00:00,528.2000122070312,528.2000122070312,526.0,526.9000244140625,526.9000244140625,505163
2023-03-15 12:30:00,526.9000244140625,527.5499877929688,525.3499755859375,525.5999755859375,525.5999755859375,524829
2023-03-15 13:00:00,525.5999755859375,527.0,524.5999755859375,526.3499755859375,526.3499755859375,577682
2023-03-15 13:30:00,526.5,528.8499755859375,525.2999877929688,525.4000244140625,525.4000244140625,784038
2023-03-15 14:00:00,525.4500122070312,526.4500122070312,524.5999755859375,524.9000244140625,524.9000244140625,781118
2023-03-15 14:30:00,524.9500122070312,525.3499755859375,520.1500244140625,520.7999877929688,520.7999877929688,1400978
2023-03-15 15:00:00,520.75,521.0,515.7000122070312,517.1500244140625,517.1500244140625,2583128
2023-03-16 09:30:00,517.0,518.5499877929688,514.2999877929688,516.25,516.25,1775639
2023-03-16 10:00:00,516.2000122070312,520.3499755859375,514.7999877929688,518.4500122070312,518.4500122070312,1864194
2023-03-16 10:30:00,518.25,522.2000122070312,517.25,520.9000244140625,520.9000244140625,1822235
2023-03-16 11:00:00,520.7999877929688,525.2000122070312,520.7999877929688,522.5,522.5,1724497
2023-03-16 11:30:00,522.7000122070312,522.9000244140625,519.0499877929688,520.1500244140625,520.1500244140625,1074976
2023-03-16 12:00:00,520.25,521.0,517.0,518.2999877929688,518.2999877929688,1330684
2023-03-16 12:30:00,518.3499755859375,518.7999877929688,517.0999755859375,518.2000122070312,518.2000122070312,709640
2023-03-16 13:00:00,518.2999877929688,520.75,517.3499755859375,520.0,520.0,934032
2023-03-16 13:30:00,520.0499877929688,522.0,519.7999877929688,521.2999877929688,521.2999877929688,1010301
2023-03-16 14:00:00,521.4000244140625,529.3499755859375,521.4000244140625,528.0999755859375,528.0999755859375,2439710
2023-03-16 14:30:00,528.0,528.2999877929688,521.75,523.3499755859375,523.3499755859375,1475190
2023-03-16 15:00:00,523.4500122070312,526.2000122070312,521.8499755859375,525.6500244140625,525.6500244140625,1772565
2023-03-17 09:30:00,527.7000122070312,528.0,525.5,525.5499877929688,525.5499877929688,922489
2023-03-17 10:00:00,525.4500122070312,526.6500244140625,524.5,524.5999755859375,524.5999755859375,717566
2023-03-17 10:30:00,524.5999755859375,525.4000244140625,522.5999755859375,523.2999877929688,523.2999877929688,721371
2023-03-17 11:00:00,523.25,523.5499877929688,521.0,522.5,522.5,798132
2023-03-17 11:30:00,522.5,524.0499877929688,521.2000122070312,523.1500244140625,523.1500244140625,643539
2023-03-17 12:00:00,523.1500244140625,523.8499755859375,520.0999755859375,521.4000244140625,521.4000244140625,891313
2023-03-17 12:30:00,521.4000244140625,522.7999877929688,520.8499755859375,521.6500244140625,521.6500244140625,661735
2023-03-17 13:00:00,521.6500244140625,523.5,520.5999755859375,523.2000122070312,523.2000122070312,792187
2023-03-17 13:30:00,523.25,524.4000244140625,522.1500244140625,523.6500244140625,523.6500244140625,851237
2023-03-17 14:00:00,523.6500244140625,524.2999877929688,521.25,522.0999755859375,522.0999755859375,864942
2023-03-17 14:30:00,522.1500244140625,524.5999755859375,522.0499877929688,524.1500244140625,524.1500244140625,1258014
2023-03-17 15:00:00,524.2000122070312,531.5999755859375,524.1500244140625,531.0,531.0,8568363
2023-03-20 09:30:00,522.2999877929688,522.6500244140625,518.5999755859375,520.4000244140625,520.4000244140625,1238709
2023-03-20 10:00:00,520.25,521.5999755859375,517.5,518.4000244140625,518.4000244140625,819523
2023-03-20 10:30:00,518.3499755859375,522.4000244140625,517.25,522.25,522.25,937876
2023-03-20 11:00:00,522.0,523.2000122070312,520.0,520.8499755859375,520.8499755859375,918069
2023-03-20 11:30:00,520.8499755859375,520.9500122070312,518.5,518.5999755859375,518.5999755859375,636804
2023-03-20 12:00:00,518.5999755859375,519.1500244140625,516.4000244140625,516.4000244140625,516.4000244140625,926316
2023-03-20 12:30:00,516.3499755859375,518.4500122070312,515.5499877929688,515.9000244140625,515.9000244140625,808098
2023-03-20 13:00:00,515.9000244140625,517.9000244140625,515.0,517.75,517.75,797507
2023-03-20 13:30:00,517.6500244140625,518.2000122070312,515.4000244140625,515.8499755859375,515.8499755859375,747532
2023-03-20 14:00:00,516.0,517.9500122070312,515.5,517.75,517.75,1211835
2023-03-20 14:30:00,517.7000122070312,519.2000122070312,516.2000122070312,517.25,517.25,1361816
2023-03-20 15:00:00,517.25,520.5999755859375,516.7000122070312,519.6500244140625,519.6500244140625,2546332
2023-03-21 09:30:00,520.5999755859375,520.7000122070312,516.4500122070312,518.7000122070312,518.7000122070312,2732238
2023-03-21 10:00:00,518.9500122070312,520.75,518.6500244140625,519.6500244140625,519.6500244140625,2321397
2023-03-21 10:30:00,519.6500244140625,521.9000244140625,519.0499877929688,519.6500244140625,519.6500244140625,1754906
2023-03-21 11:00:00,519.6500244140625,520.25,518.5499877929688,519.4500122070312,519.4500122070312,1580420
2023-03-21 11:30:00,519.4500122070312,519.5499877929688,517.5,517.5499877929688,517.5499877929688,1449062
2023-03-21 12:00:00,517.5,519.4500122070312,517.4000244140625,518.8499755859375,518.8499755859375,1660968
2023-03-21 12:30:00,518.8499755859375,520.3499755859375,518.2999877929688,520.0999755859375,520.0999755859375,1859403
2023-03-21 13:00:00,520.2000122070312,521.75,519.5499877929688,519.7000122070312,519.7000122070312,2357603
2023-03-21 13:30:00,519.7000122070312,522.2999877929688,519.0499877929688,521.0999755859375,521.0999755859375,2325871
2023-03-21 14:00:00,521.0499877929688,522.0,520.5499877929688,521.5499877929688,521.5499877929688,2117573
2023-03-21 14:30:00,521.5499877929688,523.3499755859375,521.4000244140625,522.4500122070312,522.4500122070312,3038278
2023-03-21 15:00:00,522.5999755859375,523.4000244140625,520.7000122070312,521.9000244140625,521.9000244140625,4327768
2023-03-22 09:30:00,523.6500244140625,527.0,522.7999877929688,526.0999755859375,526.0999755859375,1501622
2023-03-22 10:00:00,526.1500244140625,526.75,524.25,524.8499755859375,524.8499755859375,883017
2023-03-22 10:30:00,524.8499755859375,525.0,523.5,524.0,524.0,703567
2023-03-22 11:00:00,523.9500122070312,524.6500244140625,522.5499877929688,524.6500244140625,524.6500244140625,774295
2023-03-22 11:30:00,524.6500244140625,525.0,523.7999877929688,524.0999755859375,524.0999755859375,662065
2023-03-22 12:00:00,524.0999755859375,524.9500122070312,523.2000122070312,524.9500122070312,524.9500122070312,488974
2023-03-22 12:30:00,524.9500122070312,525.2999877929688,523.75,524.5,524.5,465145
2023-03-22 13:00:00,524.5999755859375,525.0,523.5499877929688,524.9000244140625,524.9000244140625,437610
2023-03-22 13:30:00,524.9500122070312,526.0,523.7999877929688,524.2999877929688,524.2999877929688,672036
2023-03-22 14:00:00,524.2999877929688,525.1500244140625,523.0999755859375,523.25,523.25,534559
2023-03-22 14:30:00,523.2000122070312,523.5499877929688,520.1500244140625,521.3499755859375,521.3499755859375,1356026
2023-03-22 15:00:00,521.2999877929688,522.2999877929688,521.0,521.0999755859375,521.0999755859375,1924706
2023-03-23 09:30:00,517.8499755859375,520.7000122070312,516.0999755859375,519.2000122070312,519.2000122070312,2723749
2023-03-23 10:00:00,519.2000122070312,520.75,518.5,520.0,520.0,1933955
2023-03-23 10:30:00,520.0,520.4000244140625,517.2999877929688,517.9000244140625,517.9000244140625,1774677
2023-03-23 11:00:00,517.9000244140625,518.3499755859375,516.7000122070312,517.25,517.25,1448113
2023-03-23 11:30:00,517.2999877929688,518.0499877929688,517.0499877929688,517.9500122070312,517.9500122070312,1516644
2023-03-23 12:00:00,517.9500122070312,518.5,517.5499877929688,517.7000122070312,517.7000122070312,1360927
2023-03-23 12:30:00,517.7000122070312,519.5999755859375,517.6500244140625,518.9000244140625,518.9000244140625,1583879
2023-03-23 13:00:00,518.9000244140625,519.4000244140625,518.1500244140625,519.0999755859375,519.0999755859375,825797
2023-03-23 13:30:00,519.0499877929688,519.4000244140625,517.5,518.0,518.0,845941
2023-03-23 14:00:00,518.0999755859375,518.9500122070312,516.0,516.0999755859375,516.0999755859375,1349570
2023-03-23 14:30:00,515.7999877929688,516.25,512.5,513.7000122070312,513.7000122070312,2218951
2023-03-23 15:00:00,513.7000122070312,514.6500244140625,511.75,511.95001220703125,511.95001220703125,2916594
2023-03-24 09:30:00,512.6500244140625,514.2999877929688,512.2999877929688,513.0999755859375,513.0999755859375,1178840
2023-03-24 10:00:00,513.2000122070312,513.2000122070312,511.20001220703125,511.29998779296875,511.29998779296875,825260
2023-03-24 10:30:00,511.29998779296875,511.75,510.3999938964844,511.20001220703125,511.20001220703125,852082
2023-03-24 11:00:00,511.20001220703125,513.5,510.6499938964844,511.95001220703125,511.95001220703125,870407
2023-03-24 11:30:00,511.95001220703125,514.4500122070312,511.25,513.75,513.75,1051461
2023-03-24 12:00:00,513.7999877929688,514.1500244140625,513.0,513.5999755859375,513.5999755859375,429044
2023-03-24 12:30:00,513.5999755859375,513.7999877929688,511.3500061035156,512.2000122070312,512.2000122070312,539463
2023-03-24 13:00:00,512.2000122070312,514.0,512.0,513.0999755859375,513.0999755859375,450211
2023-03-24 13:30:00,513.1500244140625,513.3499755859375,511.5,511.8999938964844,511.8999938964844,528061
2023-03-24 14:00:00,512.0,512.0,506.54998779296875,506.70001220703125,506.70001220703125,1894786
2023-03-24 14:30:00,506.79998779296875,509.29998779296875,505.25,507.45001220703125,507.45001220703125,1421865
2023-03-24 15:00:00,507.6000061035156,507.70001220703125,503.5,505.04998779296875,505.04998779296875,2463609
2023-03-27 09:30:00,507.0,510.0,506.75,508.29998779296875,508.29998779296875,1579278
2023-03-27 10:00:00,508.3999938964844,509.3500061035156,507.54998779296875,508.75,508.75,953505
2023-03-27 10:30:00,508.75,510.0,506.0,506.8999938964844,506.8999938964844,1105930
2023-03-27 11:00:00,506.8999938964844,508.6499938964844,506.29998779296875,506.75,506.75,707154
2023-03-27 11:30:00,506.8999938964844,509.0,506.3999938964844,508.0,508.0,877164
2023-03-27 12:00:00,508.04998779296875,511.1499938964844,507.6499938964844,510.0,510.0,1388751
2023-03-27 12:30:00,510.0,512.0,509.8999938964844,510.1499938964844,510.1499938964844,1257383
2023-03-27 13:00:00,510.1499938964844,510.54998779296875,508.20001220703125,509.25,509.25,608833
2023-03-27 13:30:00,509.3500061035156,511.3500061035156,509.0,510.8999938964844,510.8999938964844,505467
2023-03-27 14:00:00,510.8999938964844,514.1500244140625,509.95001220703125,512.7999877929688,512.7999877929688,1354714
2023-03-27 14:30:00,512.7999877929688,514.0,511.45001220703125,511.70001220703125,511.70001220703125,1528999
2023-03-27 15:00:00,511.8999938964844,512.9500122070312,508.54998779296875,508.95001220703125,508.95001220703125,1859785
2023-03-28 09:30:00,510.25,511.0,509.0,509.1499938964844,509.1499938964844,1930319
2023-03-28 10:00:00,509.0,510.6499938964844,508.70001220703125,509.1000061035156,509.1000061035156,883885
2023-03-28 10:30:00,509.04998779296875,509.54998779296875,507.3500061035156,507.6000061035156,507.6000061035156,750917
2023-03-28 11:00:00,507.6499938964844,509.0,507.0,508.1499938964844,508.1499938964844,1011179
2023-03-28 11:30:00,508.0,508.95001220703125,507.29998779296875,507.95001220703125,507.95001220703125,1067072
2023-03-28 12:00:00,507.95001220703125,508.1499938964844,505.6499938964844,505.8500061035156,505.8500061035156,724791
2023-03-28 12:30:00,505.6499938964844,506.95001220703125,505.54998779296875,506.6000061035156,506.6000061035156,744585
2023-03-28 13:00:00,506.54998779296875,507.8999938964844,505.6000061035156,505.95001220703125,505.95001220703125,1505706
2023-03-28 13:30:00,505.8999938964844,507.8999938964844,505.25,506.70001220703125,506.70001220703125,1051533
2023-03-28 14:00:00,506.70001220703125,507.1000061035156,504.0,505.45001220703125,505.45001220703125,1250239
2023-03-28 14:30:00,505.45001220703125,507.20001220703125,505.20001220703125,507.0,507.0,1017815
2023-03-28 15:00:00,507.04998779296875,509.3999938964844,506.70001220703125,509.0,509.0,2608812
2023-03-29 09:30:00,508.70001220703125,510.29998779296875,507.6499938964844,509.75,509.75,2189795
2023-03-29 10:00:00,509.75,511.6000061035156,508.6499938964844,511.3999938964844,511.3999938964844,1275109
2023-03-29 10:30:00,511.6499938964844,511.79998779296875,509.6499938964844,509.8500061035156,509.8500061035156,885443
2023-03-29 11:00:00,509.95001220703125,511.5,508.95001220703125,510.20001220703125,510.20001220703125,1556842
2023-03-29 11:30:00,510.1499938964844,510.20001220703125,508.45001220703125,508.79998779296875,508.79998779296875,1188487
2023-03-29 12:00:00,508.79998779296875,509.20001220703125,506.45001220703125,508.54998779296875,508.54998779296875,1262639
2023-03-29 12:30:00,508.6499938964844,508.8500061035156,507.75,508.1000061035156,508.1000061035156,409308
2023-03-29 13:00:00,508.20001220703125,512.1500244140625,508.1000061035156,511.25,511.25,1341778
2023-03-29 13:30:00,511.29998779296875,513.7999877929688,510.5,513.2999877929688,513.2999877929688,1903514
2023-03-29 14:00:00,513.2999877929688,515.4500122070312,512.25,513.0499877929688,513.0499877929688,2374510
2023-03-29 14:30:00,513.2999877929688,514.2999877929688,512.0999755859375,513.0999755859375,513.0999755859375,1632918
2023-03-29 15:00:00,513.4000244140625,517.9500122070312,513.3499755859375,516.5,516.5,6782514
2023-03-31 09:30:00,522.75,523.0,520.0999755859375,521.2999877929688,521.2999877929688,1436176
2023-03-31 10:00:00,521.25,522.4000244140625,520.0,520.5999755859375,520.5999755859375,1860310
2023-03-31 10:30:00,520.7999877929688,521.75,520.0,521.7000122070312,521.7000122070312,1148575
2023-03-31 11:00:00,521.7000122070312,522.2000122070312,521.1500244140625,521.5499877929688,521.5499877929688,553333
2023-03-31 11:30:00,521.5999755859375,522.5,520.7000122070312,521.0999755859375,521.0999755859375,720611
2023-03-31 12:00:00,521.0499877929688,521.4000244140625,519.4500122070312,521.3499755859375,521.3499755859375,780411
2023-03-31 12:30:00,521.3499755859375,522.8499755859375,521.0,521.5499877929688,521.5499877929688,674829
2023-03-31 13:00:00,521.5499877929688,522.5,520.5999755859375,521.0,521.0,872914
2023-03-31 13:30:00,520.9500122070312,523.6500244140625,520.9500122070312,522.3499755859375,522.3499755859375,913265
2023-03-31 14:00:00,522.3499755859375,522.9500122070312,521.4500122070312,522.2999877929688,522.2999877929688,1348695
2023-03-31 14:30:00,522.0999755859375,523.5,520.7999877929688,523.3499755859375,523.3499755859375,1392830
2023-03-31 15:00:00,523.3499755859375,524.9000244140625,522.5499877929688,523.75,523.75,3788806
2023-04-03 09:30:00,523.7999877929688,525.4500122070312,522.0999755859375,524.9000244140625,524.9000244140625,1672081
2023-04-03 10:00:00,524.9000244140625,525.5999755859375,523.75,524.5,524.5,1002846
2023-04-03 10:30:00,524.6500244140625,525.3499755859375,524.0499877929688,524.7000122070312,524.7000122070312,651709
2023-04-03 11:00:00,524.7000122070312,526.0,524.25,524.75,524.75,601075
2023-04-03 11:30:00,524.6500244140625,527.4000244140625,524.5499877929688,525.8499755859375,525.8499755859375,1108787
2023-04-03 12:00:00,525.7999877929688,527.5,525.25,526.5,526.5,1116682
2023-04-03 12:30:00,526.5499877929688,528.0,526.2000122070312,526.5,526.5,1014080
2023-04-03 13:00:00,526.5,528.0,525.75,527.0,527.0,745907
2023-04-03 13:30:00,527.0,527.7000122070312,525.7999877929688,526.0,526.0,794544
2023-04-03 14:00:00,526.1500244140625,527.7999877929688,525.2000122070312,527.4500122070312,527.4500122070312,1155054
2023-04-03 14:30:00,527.4500122070312,528.5,526.6500244140625,527.0,527.0,1434105
2023-04-03 15:00:00,527.0,528.0,525.4000244140625,526.75,526.75,1478684
2023-04-05 09:30:00,525.2999877929688,525.7000122070312,522.2999877929688,522.5,522.5,1945496
2023-04-05 10:00:00,522.5499877929688,523.5,521.7000122070312,522.5,522.5,1101155
2023-04-05 10:30:00,522.4500122070312,522.5,519.0999755859375,520.25,520.25,1847572
2023-04-05 11:00:00,520.25,521.4500122070312,519.5499877929688,521.4000244140625,521.4000244140625,905852
2023-04-05 11:30:00,521.4000244140625,522.7999877929688,520.7000122070312,522.5,522.5,642084
2023-04-05 12:00:00,522.5,522.9500122070312,522.0999755859375,522.9500122070312,522.9500122070312,339391
2023-04-05 12:30:00,522.9000244140625,522.9500122070312,522.2000122070312,522.4500122070312,522.4500122070312,332122
2023-04-05 13:00:00,522.4500122070312,523.0,521.5,521.5999755859375,521.5999755859375,572478
2023-04-05 13:30:00,521.7999877929688,522.5,520.6500244140625,521.8499755859375,521.8499755859375,781715
2023-04-05 14:00:00,521.8499755859375,522.5,521.5,521.9500122070312,521.9500122070312,645375
2023-04-05 14:30:00,521.9500122070312,523.0,521.7000122070312,522.9000244140625,522.9000244140625,761949
2023-04-05 15:00:00,523.0,523.9000244140625,521.5,523.0,523.0,2514074
2023-04-06 09:30:00,524.7999877929688,526.4000244140625,523.3499755859375,525.8499755859375,525.8499755859375,1823684
2023-04-06 10:00:00,525.9000244140625,532.0,525.6500244140625,529.6500244140625,529.6500244140625,5362687
2023-04-06 10:30:00,529.7999877929688,533.6500244140625,529.4500122070312,532.25,532.25,2507353
2023-04-06 11:00:00,532.3499755859375,532.7000122070312,530.8499755859375,531.0499877929688,531.0499877929688,1078430
2023-04-06 11:30:00,531.0499877929688,531.4500122070312,530.0,530.2999877929688,530.2999877929688,661993
2023-04-06 12:00:00,530.5,531.6500244140625,529.2999877929688,530.2000122070312,530.2000122070312,1082024
2023-04-06 12:30:00,530.0999755859375,531.0,529.6500244140625,530.0499877929688,530.0499877929688,534150
2023-04-06 13:00:00,530.1500244140625,530.1500244140625,528.8499755859375,529.4000244140625,529.4000244140625,404696
2023-04-06 13:30:00,529.4500122070312,530.2000122070312,525.5499877929688,526.5999755859375,526.5999755859375,2339306
2023-04-06 14:00:00,526.6500244140625,528.9500122070312,525.9000244140625,527.0,527.0,2578950
2023-04-06 14:30:00,527.0,529.0,525.8499755859375,527.25,527.25,1997703
2023-04-06 15:00:00,527.25,529.2999877929688,526.0,527.9000244140625,527.9000244140625,3508768
2023-04-10 09:30:00,528.5,530.4000244140625,525.5,527.4000244140625,527.4000244140625,2829723
2023-04-10 10:00:00,527.0999755859375,529.0499877929688,526.1500244140625,527.0499877929688,527.0499877929688,1746752
2023-04-10 10:30:00,527.0,528.0,526.7999877929688,527.0999755859375,527.0999755859375,411807
2023-04-10 11:00:00,527.0999755859375,527.7000122070312,525.0,526.4000244140625,526.4000244140625,1997870
2023-04-10 11:30:00,526.4500122070312,527.75,525.0,527.3499755859375,527.3499755859375,1604236
2023-04-10 12:00:00,527.3499755859375,528.7000122070312,526.75,528.4000244140625,528.4000244140625,828261
2023-04-10 12:30:00,528.3499755859375,529.0,527.5499877929688,528.3499755859375,528.3499755859375,910403
2023-04-10 13:00:00,528.3499755859375,529.4000244140625,527.9000244140625,528.2999877929688,528.2999877929688,487150
2023-04-10 13:30:00,528.2999877929688,529.8499755859375,527.3499755859375,528.1500244140625,528.1500244140625,1489214
2023-04-10 14:00:00,528.1500244140625,528.5499877929688,525.5999755859375,526.0999755859375,526.0999755859375,883484
2023-04-10 14:30:00,526.0999755859375,527.0,525.5,525.7999877929688,525.7999877929688,752823
2023-04-10 15:00:00,525.7999877929688,527.4000244140625,525.0,525.75,525.75,2304734
2023-04-11 09:30:00,533.4000244140625,535.5,533.1500244140625,533.7999877929688,533.7999877929688,3025678
2023-04-11 10:00:00,534.0,535.1500244140625,532.5999755859375,533.7999877929688,533.7999877929688,3224468
2023-04-11 10:30:00,534.0,534.75,532.75,533.8499755859375,533.8499755859375,941366
2023-04-11 11:00:00,533.9500122070312,535.0,533.2000122070312,534.4000244140625,534.4000244140625,2171263
2023-04-11 11:30:00,534.3499755859375,534.9000244140625,533.2000122070312,534.5999755859375,534.5999755859375,1159960
2023-04-11 12:00:00,534.5499877929688,534.75,533.2000122070312,533.5999755859375,533.5999755859375,727333
2023-04-11 12:30:00,533.6500244140625,534.2000122070312,533.25,533.5499877929688,533.5499877929688,706778
2023-04-11 13:00:00,533.5499877929688,533.5499877929688,532.2000122070312,532.8499755859375,532.8499755859375,561611
2023-04-11 13:30:00,532.8499755859375,534.0999755859375,532.5999755859375,533.5,533.5,1555363
2023-04-11 14:00:00,533.5,533.5,531.6500244140625,532.5,532.5,3511248
2023-04-11 14:30:00,532.25,533.4000244140625,531.5999755859375,532.2999877929688,532.2999877929688,2871466
2023-04-11 15:00:00,532.3499755859375,532.9000244140625,531.0,532.0999755859375,532.0999755859375,3592173
2023-04-12 09:30:00,530.5999755859375,532.25,529.7000122070312,530.4000244140625,530.4000244140625,2142805
2023-04-12 10:00:00,530.4500122070312,530.7999877929688,529.0999755859375,530.0499877929688,530.0499877929688,2078160
2023-04-12 10:30:00,530.0499877929688,530.9000244140625,529.5499877929688,529.6500244140625,529.6500244140625,2185587
2023-04-12 11:00:00,529.5999755859375,530.0999755859375,528.0499877929688,530.0,530.0,892532
2023-04-12 11:30:00,530.0499877929688,530.8499755859375,530.0,530.4500122070312,530.4500122070312,793981
2023-04-12 12:00:00,530.5,530.5499877929688,529.2000122070312,529.75,529.75,815264
2023-04-12 12:30:00,529.75,530.9000244140625,528.75,529.5999755859375,529.5999755859375,656590
2023-04-12 13:00:00,529.5999755859375,530.5,529.0999755859375,529.5499877929688,529.5499877929688,1473150
2023-04-12 13:30:00,529.5999755859375,530.25,528.0999755859375,528.7000122070312,528.7000122070312,1743723
2023-04-12 14:00:00,528.7000122070312,529.4000244140625,527.25,528.1500244140625,528.1500244140625,2139538
2023-04-12 14:30:00,528.3499755859375,528.3499755859375,526.0,526.75,526.75,1074039
2023-04-12 15:00:00,526.75,529.4000244140625,526.6500244140625,528.2000122070312,528.2000122070312,2182352
2023-04-13 09:30:00,528.0,532.4500122070312,528.0,529.3499755859375,529.3499755859375,4092109
2023-04-13 10:00:00,529.2999877929688,530.4000244140625,528.0499877929688,529.0,529.0,2821685
2023-04-13 10:30:00,529.0999755859375,530.0,528.4500122070312,528.75,528.75,1659900
2023-04-13 11:00:00,528.5999755859375,529.5999755859375,528.5,529.0999755859375,529.0999755859375,590101
2023-04-13 11:30:00,529.0499877929688,529.8499755859375,528.4000244140625,529.2999877929688,529.2999877929688,715881
2023-04-13 12:00:00,529.2000122070312,529.4000244140625,527.2000122070312,529.0,529.0,1510447
2023-04-13 12:30:00,529.0,530.7000122070312,527.8499755859375,530.5,530.5,988893
2023-04-13 13:00:00,530.5999755859375,531.4000244140625,529.25,530.3499755859375,530.3499755859375,1370072
2023-04-13 13:30:00,530.2999877929688,531.0999755859375,529.2000122070312,530.7999877929688,530.7999877929688,1868122
2023-04-13 14:00:00,530.75,531.5,530.0,530.2000122070312,530.2000122070312,2138672
2023-04-13 14:30:00,530.4500122070312,533.0,530.0999755859375,532.1500244140625,532.1500244140625,4034149
2023-04-13 15:00:00,532.1500244140625,534.2000122070312,531.0999755859375,533.0499877929688,533.0499877929688,4268630
2023-04-17 09:30:00,533.7000122070312,536.0,531.9000244140625,532.2999877929688,532.2999877929688,3719461
2023-04-17 10:00:00,532.2000122070312,535.3499755859375,531.0,534.2999877929688,534.2999877929688,1602316
2023-04-17 10:30:00,534.5,538.7000122070312,532.9000244140625,537.4500122070312,537.4500122070312,3822465
2023-04-17 11:00:00,537.4500122070312,538.7999877929688,537.0499877929688,538.0499877929688,538.0499877929688,2286828
2023-04-17 11:30:00,538.0499877929688,542.7000122070312,538.0,540.5999755859375,540.5999755859375,1983793
2023-04-17 12:00:00,540.5999755859375,543.0,539.3499755859375,542.0999755859375,542.0999755859375,3447115
2023-04-17 12:30:00,542.0,542.5,540.25,541.9000244140625,541.9000244140625,2000198
2023-04-17 13:00:00,541.9000244140625,542.2000122070312,539.0,539.5,539.5,880352
2023-04-17 13:30:00,539.5,541.9000244140625,539.2999877929688,541.75,541.75,2179821
2023-04-17 14:00:00,541.7999877929688,544.0999755859375,541.2000122070312,543.9000244140625,543.9000244140625,1951500
2023-04-17 14:30:00,544.0,544.7999877929688,542.5499877929688,542.7999877929688,542.7999877929688,2838023
2023-04-17 15:00:00,542.9500122070312,544.6500244140625,542.4500122070312,544.2000122070312,544.2000122070312,3218255
2023-04-18 09:30:00,545.7999877929688,546.4500122070312,543.25,544.2000122070312,544.2000122070312,2894026
2023-04-18 10:00:00,544.1500244140625,544.7000122070312,543.1500244140625,544.6500244140625,544.6500244140625,1037936
2023-04-18 10:30:00,544.5,548.0,543.5499877929688,546.5,546.5,3793703
2023-04-18 11:00:00,546.5,547.9000244140625,546.2000122070312,547.3499755859375,547.3499755859375,1265289
2023-04-18 11:30:00,547.4000244140625,547.5,546.25,546.7999877929688,546.7999877929688,900860
2023-04-18 12:00:00,546.75,547.4500122070312,546.4000244140625,547.0499877929688,547.0499877929688,564014
2023-04-18 12:30:00,546.9000244140625,547.9500122070312,546.7000122070312,547.4500122070312,547.4500122070312,768671
2023-04-18 13:00:00,547.5,548.4500122070312,546.0999755859375,546.2999877929688,546.2999877929688,935343
2023-04-18 13:30:00,546.4000244140625,546.5,540.5,542.9000244140625,542.9000244140625,3278238
2023-04-18 14:00:00,542.9000244140625,545.2999877929688,542.0999755859375,545.2999877929688,545.2999877929688,1630010
2023-04-18 14:30:00,545.2999877929688,546.0,544.0499877929688,545.3499755859375,545.3499755859375,813598
2023-04-18 15:00:00,545.5499877929688,546.5,545.0999755859375,545.1500244140625,545.1500244140625,1694907
2023-04-19 09:30:00,544.9000244140625,547.0,544.5999755859375,545.0,545.0,3128190
2023-04-19 10:00:00,545.0999755859375,546.0,542.7999877929688,543.0499877929688,543.0499877929688,2227701
2023-04-19 10:30:00,543.0499877929688,544.2999877929688,542.75,543.1500244140625,543.1500244140625,1944565
2023-04-19 11:00:00,543.0499877929688,543.9000244140625,541.7999877929688,542.4500122070312,542.4500122070312,1936770
2023-04-19 11:30:00,542.4000244140625,543.5,542.25,543.0499877929688,543.0499877929688,1459940
2023-04-19 12:00:00,543.0999755859375,543.8499755859375,542.2000122070312,543.5999755859375,543.5999755859375,1658722
2023-04-19 12:30:00,543.5499877929688,544.4000244140625,543.0499877929688,544.2000122070312,544.2000122070312,1694234
2023-04-19 13:00:00,544.0999755859375,544.4000244140625,543.0999755859375,543.5499877929688,543.5499877929688,292255
2023-04-19 13:30:00,543.5,543.6500244140625,541.2999877929688,541.75,541.75,668132
2023-04-19 14:00:00,541.7000122070312,541.7999877929688,540.1500244140625,540.9500122070312,540.9500122070312,587950
2023-04-19 14:30:00,541.0,541.2000122070312,539.0499877929688,539.9000244140625,539.9000244140625,1269387
2023-04-19 15:00:00,539.9000244140625,541.25,538.7000122070312,539.2000122070312,539.2000122070312,2498277
2023-04-20 09:30:00,539.2999877929688,542.4000244140625,539.2999877929688,541.2000122070312,541.2000122070312,2718357
2023-04-20 10:00:00,541.0999755859375,542.0999755859375,540.7999877929688,541.2000122070312,541.2000122070312,1013662
2023-04-20 10:30:00,541.2000122070312,541.4000244140625,539.5,540.2000122070312,540.2000122070312,950663
2023-04-20 11:00:00,540.1500244140625,541.25,540.0,540.5,540.5,1298264
2023-04-20 11:30:00,540.75,541.4000244140625,540.0499877929688,541.25,541.25,924711
2023-04-20 12:00:00,541.25,542.25,540.7000122070312,542.0999755859375,542.0999755859375,643381
2023-04-20 12:30:00,542.0999755859375,542.3499755859375,540.75,541.75,541.75,1442069
2023-04-20 13:00:00,541.7999877929688,541.7999877929688,539.6500244140625,541.6500244140625,541.6500244140625,3092059
2023-04-20 13:30:00,541.7000122070312,542.2000122070312,540.5999755859375,540.8499755859375,540.8499755859375,1492794
2023-04-20 14:00:00,540.8499755859375,541.7999877929688,540.0,541.7000122070312,541.7000122070312,2404721
2023-04-20 14:30:00,541.7000122070312,544.4500122070312,541.2000122070312,544.3499755859375,544.3499755859375,3333730
2023-04-20 15:00:00,544.3499755859375,545.4500122070312,543.7999877929688,544.7999877929688,544.7999877929688,3586495
2023-04-21 09:30:00,544.3499755859375,545.2000122070312,541.2999877929688,541.4000244140625,541.4000244140625,3772199
2023-04-21 10:00:00,541.5,542.4500122070312,540.5,541.25,541.25,2513682
2023-04-21 10:30:00,541.4000244140625,542.75,541.1500244140625,542.2999877929688,542.2999877929688,495095
2023-04-21 11:00:00,542.4000244140625,543.0999755859375,541.7999877929688,542.5999755859375,542.5999755859375,1422916
2023-04-21 11:30:00,542.5499877929688,542.8499755859375,542.0999755859375,542.75,542.75,505590
2023-04-21 12:00:00,542.7999877929688,542.7999877929688,541.2999877929688,541.2999877929688,541.2999877929688,486424
2023-04-21 12:30:00,541.2999877929688,542.0,540.8499755859375,541.0999755859375,541.0999755859375,1640949
2023-04-21 13:00:00,541.0999755859375,541.5499877929688,539.7999877929688,541.3499755859375,541.3499755859375,809470
2023-04-21 13:30:00,541.3499755859375,541.9500122070312,540.5,541.3499755859375,541.3499755859375,1872397
2023-04-21 14:00:00,541.4000244140625,542.0499877929688,540.75,541.7999877929688,541.7999877929688,2419648
2023-04-21 14:30:00,541.7999877929688,543.0,541.5499877929688,542.4500122070312,542.4500122070312,2044020
2023-04-21 15:00:00,542.5499877929688,543.8499755859375,542.0999755859375,543.1500244140625,543.1500244140625,1956801
2023-04-24 09:30:00,549.0,549.5,546.7999877929688,547.5499877929688,547.5499877929688,2109691
2023-04-24 10:00:00,547.5,548.0,546.2999877929688,547.0,547.0,1029370
2023-04-24 10:30:00,547.0,548.25,546.6500244140625,548.2000122070312,548.2000122070312,898204
2023-04-24 11:00:00,548.2000122070312,549.5999755859375,547.75,548.75,548.75,1566932
2023-04-24 11:30:00,548.9500122070312,549.2000122070312,548.0999755859375,548.5,548.5,1080331
2023-04-24 12:00:00,548.5,550.4500122070312,548.25,550.2000122070312,550.2000122070312,1662516
2023-04-24 12:30:00,550.0499877929688,550.7999877929688,549.6500244140625,550.0499877929688,550.0499877929688,1761639
2023-04-24 13:00:00,550.25,551.7000122070312,550.0499877929688,551.3499755859375,551.3499755859375,2149741
2023-04-24 13:30:00,551.4000244140625,553.7999877929688,551.25,553.7000122070312,553.7000122070312,2386815
2023-04-24 14:00:00,553.6500244140625,554.4000244140625,553.3499755859375,554.0,554.0,1337865
2023-04-24 14:30:00,554.0,554.7999877929688,553.4000244140625,554.25,554.25,1291906
2023-04-24 15:00:00,554.2999877929688,555.4500122070312,553.4500122070312,553.7999877929688,553.7999877929688,3119127
2023-04-25 09:30:00,557.4500122070312,561.9500122070312,557.3499755859375,561.2999877929688,561.2999877929688,5405207
2023-04-25 10:00:00,561.2999877929688,562.4000244140625,560.4000244140625,561.1500244140625,561.1500244140625,2883453
2023-04-25 10:30:00,561.25,562.4500122070312,560.5499877929688,562.2999877929688,562.2999877929688,2220653
2023-04-25 11:00:00,562.2999877929688,565.2000122070312,562.0,565.0499877929688,565.0499877929688,4319952
2023-04-25 11:30:00,565.0,567.8499755859375,564.0999755859375,565.0,565.0,3412817
2023-04-25 12:00:00,565.0,565.5999755859375,562.5999755859375,563.0,563.0,1980145
2023-04-25 12:30:00,563.0999755859375,565.4000244140625,562.2999877929688,565.2999877929688,565.2999877929688,1880207
2023-04-25 13:00:00,565.2999877929688,565.2999877929688,563.2000122070312,563.75,563.75,1656587
2023-04-25 13:30:00,563.5999755859375,564.6500244140625,563.2999877929688,563.9000244140625,563.9000244140625,2461270
2023-04-25 14:00:00,564.0,564.8499755859375,563.2999877929688,564.0,564.0,1923010
2023-04-25 14:30:00,564.0,564.7000122070312,563.2000122070312,563.4500122070312,563.4500122070312,2600137
2023-04-25 15:00:00,563.4500122070312,563.6500244140625,560.0999755859375,561.2999877929688,561.2999877929688,3927114
